Farmacia de Guardia Segovia,"P. Conde de Sepulveda, 35",40006
Pharmacy Mateos Rodriguez,"C. San Francisco, 9",40001
Farmacia Los Picos,"C. Juan Bravo, 31",40001
Farmacia Ortopedia La Plaza,"C. Cronista Lecea, 6",40001
Pharmacy Basterrechea de las Heras,"C. Sta. Catalina, 20",40003
Farmacia Del Corpus,"Pl. del Corpus, 2",40001
Placida pharmacy Aurelia Rubio Ruano,"Av. Via Roma, 30",40003
Farmacia Santo Tomas,"C. Santo Tomas, 5",40001
Farmacia LDO. Pablo Serrano Velasco,"C. Cronista Lecea, 6",40001
Farmacia Rosa Anton Elosegui,"Pl. San Jose, 1",40005
Farmacia LDA. Marta Ruano Vazquez,"C. de la Muerte y La Vida, 2",40005
Farmacia Acueducto,"C. Cervantes, 27",40001
Farmacia Alvarez Herranz,"C. de la Muerte y La Vida, 2",40005
Farmacia San Millan 12H,"P. Ezequiel Gonzalez, 21",40002
Farmacia Atienza,"C. de Jose Zorrilla, 117",40002
Farmacia,"C. Larga, 5",40004
Farma Salud,"C. Gobernador Fernandez Jimenez, 22",40002
Farmacia Seila Gilarranz Luengo,"Pl. Tirso de Molina, 4",40006
Jesus Tamayo Barbero,"C. de Jose Zorrilla, 41",40002
Farmacia Pedro Carril,"Carr. de Villacastin, 11",40006
Una Parafarmacia Algo Diferente,"C. de Jose Zorrilla, 66",40002
Farmacia Rebeca de Elias,"Av. la Constitucion, 5",40005
Farmacia Doctor Ramos,"Carr. de Villacastin, 10",40006